Week_Start_Date,Product_ID,Channel,Actual_Demand,Historical_Forecast,Price,Promo_Flag,Promo_Depth,Event_Flag,Temperature,Stockout_Flag,Exceptional_Event
2024-01-01,NPK-FV-200ML,National (GT+MT),699300,712500,68,0,0,0,18.6,0,
2024-01-08,NPK-FV-200ML,National (GT+MT),758700,760600,70,1,5,0,17.3,0,
2024-01-15,NPK-FV-200ML,National (GT+MT),947700,962800,68,1,18,0,22.4,0,
2024-01-22,NPK-FV-200ML,National (GT+MT),685600,873300,67,0,0,0,20.7,0,
2024-01-29,NPK-FV-200ML,National (GT+MT),810900,1026800,66,1,15,0,17.6,0,
2024-02-05,NPK-FV-200ML,National (GT+MT),820700,921200,70,1,8,0,18.5,0,
2024-02-12,NPK-FV-200ML,National (GT+MT),760600,778300,69,0,0,0,21.7,0,
2024-02-19,NPK-FV-200ML,National (GT+MT),808000,746800,68,0,0,0,21.9,0,
2024-02-26,NPK-FV-200ML,National (GT+MT),748100,793200,67,0,0,0,22.4,0,
2024-03-04,NPK-FV-200ML,National (GT+MT),831300,877000,70,0,0,1,24.2,0,
2024-03-11,NPK-FV-200ML,National (GT+MT),949700,879200,70,0,0,1,27.9,0,
2024-03-18,NPK-FV-200ML,National (GT+MT),709900,802500,67,0,0,0,26.6,1,
2024-03-25,NPK-FV-200ML,National (GT+MT),768100,813400,68,0,0,0,26.9,0,
2024-04-01,NPK-FV-200ML,National (GT+MT),1021700,937200,69,1,10,0,26.3,0,
2024-04-08,NPK-FV-200ML,National (GT+MT),1229900,1053600,68,1,15,1,30.7,0,
2024-04-15,NPK-FV-200ML,National (GT+MT),789200,859700,69,0,0,0,28.1,0,
2024-04-22,NPK-FV-200ML,National (GT+MT),934100,1025200,66,0,0,0,31.4,0,
2024-04-29,NPK-FV-200ML,National (GT+MT),1016600,1038100,69,0,0,0,31.3,0,
2024-05-06,NPK-FV-200ML,National (GT+MT),849700,1076000,70,0,0,0,30.7,0,
2024-05-13,NPK-FV-200ML,National (GT+MT),887100,910100,70,0,0,0,30.6,0,
2024-05-20,NPK-FV-200ML,National (GT+MT),843700,950100,68,0,0,0,31.1,0,
2024-05-27,NPK-FV-200ML,National (GT+MT),881900,944700,67,0,0,0,31.6,0,
2024-06-03,NPK-FV-200ML,National (GT+MT),1040000,860600,67,0,0,0,34.8,0,
2024-06-10,NPK-FV-200ML,National (GT+MT),937000,963400,68,0,0,0,31.7,0,
2024-06-17,NPK-FV-200ML,National (GT+MT),1072300,962500,68,0,0,1,34.1,0,
2024-06-24,NPK-FV-200ML,National (GT+MT),826800,945000,70,0,0,0,32.6,0,
2024-07-01,NPK-FV-200ML,National (GT+MT),601000,963200,73,0,0,0,31.7,1,
2024-07-08,NPK-FV-200ML,National (GT+MT),869000,986900,70,0,0,0,32.3,0,
2024-07-15,NPK-FV-200ML,National (GT+MT),861700,878600,74,0,0,0,28.3,0,
2024-07-22,NPK-FV-200ML,National (GT+MT),955700,842700,74,0,0,0,32.0,0,
2024-07-29,NPK-FV-200ML,National (GT+MT),999400,875000,70,0,0,0,29.0,0,
2024-08-05,NPK-FV-200ML,National (GT+MT),957000,908700,70,0,0,0,30.7,0,
2024-08-12,NPK-FV-200ML,National (GT+MT),831000,937000,72,0,0,0,30.7,0,
2024-08-19,NPK-FV-200ML,National (GT+MT),770100,976300,72,0,0,0,26.4,0,
2024-08-26,NPK-FV-200ML,National (GT+MT),673000,888600,72,0,0,0,29.4,0,Competitor promotion (rival juice brand 3-for-2 deal)
2024-09-02,NPK-FV-200ML,National (GT+MT),945800,1052200,73,1,15,0,25.6,0,Competitor promotion (rival juice brand 3-for-2 deal)
2024-09-09,NPK-FV-200ML,National (GT+MT),882800,877600,72,1,10,0,23.1,0,
2024-09-16,NPK-FV-200ML,National (GT+MT),910600,941000,71,1,15,0,25.3,0,
2024-09-23,NPK-FV-200ML,National (GT+MT),748000,852800,70,0,0,0,23.5,0,
2024-09-30,NPK-FV-200ML,National (GT+MT),709100,897900,74,0,0,0,20.7,0,
2024-10-07,NPK-FV-200ML,National (GT+MT),762700,834900,71,0,0,0,21.6,0,
2024-10-14,NPK-FV-200ML,National (GT+MT),761800,781000,72,0,0,0,23.1,0,
2024-10-21,NPK-FV-200ML,National (GT+MT),660400,776500,72,0,0,0,17.9,0,
2024-10-28,NPK-FV-200ML,National (GT+MT),492300,757000,74,0,0,0,19.6,1,
2024-11-04,NPK-FV-200ML,National (GT+MT),701300,639800,72,0,0,0,18.3,0,
2024-11-11,NPK-FV-200ML,National (GT+MT),716400,680200,72,0,0,0,18.1,0,
2024-11-18,NPK-FV-200ML,National (GT+MT),727400,659000,70,0,0,0,17.9,0,
2024-11-25,NPK-FV-200ML,National (GT+MT),700900,684500,70,0,0,0,15.4,0,
2024-12-02,NPK-FV-200ML,National (GT+MT),711800,760800,72,0,0,0,18.0,0,
2024-12-09,NPK-FV-200ML,National (GT+MT),465500,780800,70,0,0,0,15.8,1,Supply disruption (packaging-material delay at plant)
2024-12-16,NPK-FV-200ML,National (GT+MT),432900,627400,70,0,0,0,18.7,1,Supply disruption (packaging-material delay at plant)
2024-12-23,NPK-FV-200ML,National (GT+MT),772700,650200,70,1,8,0,17.0,0,
2024-12-30,NPK-FV-200ML,National (GT+MT),663600,549800,77,0,0,0,18.0,0,
2025-01-06,NPK-FV-200ML,National (GT+MT),684500,604700,75,0,0,0,18.0,0,
2025-01-13,NPK-FV-200ML,National (GT+MT),748600,642600,78,0,0,0,19.5,0,
2025-01-20,NPK-FV-200ML,National (GT+MT),965600,925800,76,1,10,0,18.3,0,
2025-01-27,NPK-FV-200ML,National (GT+MT),998300,1022700,76,1,20,0,19.4,0,
2025-02-03,NPK-FV-200ML,National (GT+MT),691400,887100,78,0,0,0,21.6,0,
2025-02-10,NPK-FV-200ML,National (GT+MT),706000,892600,74,0,0,0,20.3,0,
2025-02-17,NPK-FV-200ML,National (GT+MT),802200,962000,78,0,0,1,23.5,0,
2025-02-24,NPK-FV-200ML,National (GT+MT),849400,937400,75,0,0,1,23.9,0,
2025-03-03,NPK-FV-200ML,National (GT+MT),624800,786200,77,0,0,0,23.8,1,
2025-03-10,NPK-FV-200ML,National (GT+MT),759000,769800,78,0,0,0,23.5,0,
2025-03-17,NPK-FV-200ML,National (GT+MT),812900,777800,75,0,0,0,25.4,0,
2025-03-24,NPK-FV-200ML,National (GT+MT),783900,826300,77,0,0,0,26.1,0,
2025-03-31,NPK-FV-200ML,National (GT+MT),1108600,904100,77,1,12,1,27.3,0,
2025-04-07,NPK-FV-200ML,National (GT+MT),744200,850800,77,0,0,0,27.7,0,
2025-04-14,NPK-FV-200ML,National (GT+MT),1088800,1119700,76,1,18,0,29.9,0,
2025-04-21,NPK-FV-200ML,National (GT+MT),888700,898300,74,0,0,0,31.0,0,
2025-04-28,NPK-FV-200ML,National (GT+MT),827000,925200,77,0,0,0,29.3,0,
2025-05-05,NPK-FV-200ML,National (GT+MT),1136600,896200,74,0,0,0,37.8,0,Heatwave (extreme temperatures)
2025-05-12,NPK-FV-200ML,National (GT+MT),955000,1043200,75,0,0,0,33.9,0,Heatwave (extreme temperatures)
2025-05-19,NPK-FV-200ML,National (GT+MT),885200,970400,75,0,0,0,30.5,0,
2025-05-26,NPK-FV-200ML,National (GT+MT),858100,1002600,75,0,0,0,31.7,0,
2025-06-02,NPK-FV-200ML,National (GT+MT),1005700,1035900,77,0,0,1,33.9,0,
2025-06-09,NPK-FV-200ML,National (GT+MT),833000,871700,78,0,0,0,31.1,0,
2025-06-16,NPK-FV-200ML,National (GT+MT),1274500,1108700,74,1,15,0,33.7,0,
2025-06-23,NPK-FV-200ML,National (GT+MT),864300,1048300,78,0,0,0,31.1,0,
2025-06-30,NPK-FV-200ML,National (GT+MT),786800,925600,82,0,0,0,32.8,1,
2025-07-07,NPK-FV-200ML,National (GT+MT),859000,925400,82,0,0,0,29.6,0,
2025-07-14,NPK-FV-200ML,National (GT+MT),916100,942700,81,0,0,0,32.7,0,
2025-07-21,NPK-FV-200ML,National (GT+MT),848400,892400,78,0,0,0,31.7,0,
2025-07-28,NPK-FV-200ML,National (GT+MT),862100,863700,78,0,0,0,32.3,0,
2025-08-04,NPK-FV-200ML,National (GT+MT),967400,925900,79,0,0,0,28.3,0,Viral social-media moment (influencer campaign)
2025-08-11,NPK-FV-200ML,National (GT+MT),848000,891700,79,0,0,0,30.8,0,
2025-08-18,NPK-FV-200ML,National (GT+MT),988100,1205300,82,1,12,0,24.9,0,
2025-08-25,NPK-FV-200ML,National (GT+MT),794800,931100,81,0,0,0,27.5,0,
2025-09-01,NPK-FV-200ML,National (GT+MT),790800,895100,82,0,0,0,30.4,0,
2025-09-08,NPK-FV-200ML,National (GT+MT),815700,860300,79,0,0,0,27.3,0,
2025-09-15,NPK-FV-200ML,National (GT+MT),796400,818100,78,0,0,0,23.0,0,
2025-09-22,NPK-FV-200ML,National (GT+MT),870200,1071600,78,1,18,0,25.2,1,
2025-09-29,NPK-FV-200ML,National (GT+MT),758600,886600,81,0,0,0,22.0,0,
2025-10-06,NPK-FV-200ML,National (GT+MT),821300,934400,81,1,12,0,19.7,0,
2025-10-13,NPK-FV-200ML,National (GT+MT),840900,939000,80,1,10,0,19.9,0,
2025-10-20,NPK-FV-200ML,National (GT+MT),952000,1171700,78,1,18,0,20.7,0,
2025-10-27,NPK-FV-200ML,National (GT+MT),688800,873300,79,0,0,0,20.0,0,
2025-11-03,NPK-FV-200ML,National (GT+MT),673800,820700,80,0,0,0,18.9,0,
2025-11-10,NPK-FV-200ML,National (GT+MT),635100,791700,82,0,0,0,17.9,0,
2025-11-17,NPK-FV-200ML,National (GT+MT),698900,712500,78,0,0,0,19.3,0,
2025-11-24,NPK-FV-200ML,National (GT+MT),645200,644600,79,0,0,0,16.4,0,
2025-12-01,NPK-FV-200ML,National (GT+MT),733700,666500,82,0,0,0,17.5,0,
2025-12-08,NPK-FV-200ML,National (GT+MT),741400,737800,81,0,0,0,18.9,0,
2025-12-15,NPK-FV-200ML,National (GT+MT),722400,664100,81,0,0,0,19.8,0,
2025-12-22,NPK-FV-200ML,National (GT+MT),674900,775300,82,0,0,0,18.0,0,
